{
    "scores": [
        2.7771897449819063,
        3.0180783282085595,
        2.8819576416376744,
        2.8449357661743218,
        2.751818709167529
    ],
    "mean_score": 2.854796038033998,
    "std_score": 0.09393950280673169,
    "best_iterations": [
        1000,
        687,
        1000,
        1000,
        1000
    ],
    "mean_best_iteration": 937.4
}