{
    "scores": [
        2.49628367552839,
        2.40165963656191,
        2.34422480321178,
        2.28779542085832,
        2.28301125469842
    ],
    "mean_score": 2.36259495817176,
    "std_score": 0.0795797982911187,
    "best_iterations": [
        167,
        292,
        288,
        335,
        268
    ],
    "mean_best_iteration": 270
}