{
    "scores": [
        2.39210492007886,
        2.36482886538651,
        2.27412380038901,
        2.1999936558248,
        2.20071545548963
    ],
    "mean_score": 2.28635333943376,
    "std_score": 0.080353231082779,
    "best_iterations": [
        324,
        301,
        248,
        334,
        543
    ],
    "mean_best_iteration": 350
}